{"v":"5.7.1","fr":25,"ip":0,"op":41,"w":375,"h":664,"nm":"flicker-head 2","ddd":0,"assets":[],"layers":[{"ddd":0,"ind":1,"ty":4,"nm":"flicker","sr":1,"ks":{"o":{"a":1,"k":[{"i":{"x":[0.833],"y":[0.833]},"o":{"x":[0.167],"y":[0.167]},"t":0,"s":[0]},{"i":{"x":[0.833],"y":[0.833]},"o":{"x":[0.167],"y":[0.167]},"t":2,"s":[100]},{"i":{"x":[0.833],"y":[0.833]},"o":{"x":[0.167],"y":[0.167]},"t":15,"s":[100]},{"t":20,"s":[0]}],"ix":11},"r":{"a":0,"k":0,"ix":10},"p":{"a":1,"k":[{"i":{"x":0.833,"y":0.833},"o":{"x":0.167,"y":0.167},"t":0,"s":[-95.922,328.664,0],"to":[77.667,0,0],"ti":[-77.667,0,0]},{"t":20,"s":[370.078,328.664,0]}],"ix":2},"a":{"a":0,"k":[-898.435,69.15,0],"ix":1},"s":{"a":0,"k":[30.333,50,100],"ix":6}},"ao":0,"shapes":[{"ty":"gr","it":[{"ty":"rc","d":1,"s":{"a":0,"k":[600,1070],"ix":2},"p":{"a":0,"k":[0,0],"ix":3},"r":{"a":0,"k":0,"ix":4},"nm":"rectangle path 1","mn":"ADBE Vector Shape - Rect","hd":false},{"ty":"gf","o":{"a":0,"k":100,"ix":10},"r":1,"bm":0,"g":{"p":3,"k":{"a":0,"k":[0,1,1,1,0.499,1,1,1,0.997,1,1,1,0,0,0.298,0.06,0.596,0.12,0.798,0.06,1,0],"ix":9}},"s":{"a":0,"k":[-249.215,1.272],"ix":5},"e":{"a":0,"k":[217.202,0.251],"ix":6},"t":1,"nm":"Gradient Fill 1","mn":"ADBE Vector Graphic - G-Fill","hd":false},{"ty":"tr","p":{"a":0,"k":[-898.435,69.15],"ix":2},"a":{"a":0,"k":[0,0],"ix":1},"s":{"a":0,"k":[100,121.273],"ix":3},"r":{"a":0,"k":0,"ix":6},"o":{"a":0,"k":100,"ix":7},"sk":{"a":0,"k":0,"ix":4},"sa":{"a":0,"k":0,"ix":5},"nm":"Transform"}],"nm":"rectangle 1","np":3,"cix":2,"bm":0,"ix":1,"mn":"ADBE Vector Group","hd":false}],"ip":0,"op":43,"st":0,"bm":0},{"ddd":0,"ind":2,"ty":4,"nm":"message","sr":1,"ks":{"o":{"a":0,"k":100,"ix":11},"r":{"a":0,"k":0,"ix":10},"p":{"a":0,"k":[152.5,332,0],"ix":2},"a":{"a":0,"k":[0,0,0],"ix":1},"s":{"a":0,"k":[50,50,100],"ix":6}},"ao":0,"shapes":[{"ty":"gr","it":[{"ind":0,"ty":"sh","ix":1,"ks":{"a":0,"k":{"i":[[-17.67,0],[0,17.67],[17.67,0],[0,-17.67]],"o":[[17.67,0],[0,-17.67],[-17.67,0],[0,17.67]],"v":[[-248,-584],[-216,-616],[-248,-648],[-280,-616]],"c":true},"ix":2},"nm":"path 1","mn":"ADBE Vector Shape - Group","hd":false},{"ind":1,"ty":"sh","ix":2,"ks":{"a":0,"k":{"i":[[-5.52,0],[0,0],[0,-5.52],[0,0],[5.52,0],[0,0],[0,5.52],[0,0]],"o":[[0,0],[5.52,0],[0,0],[0,5.52],[0,0],[-5.52,0],[0,0],[0,-5.52]],"v":[[-190,-646],[-50,-646],[-40,-636],[-40,-626],[-50,-616],[-190,-616],[-200,-626],[-200,-636]],"c":true},"ix":2},"nm":"path 2","mn":"ADBE Vector Shape - Group","hd":false},{"ind":2,"ty":"sh","ix":3,"ks":{"a":0,"k":{"i":[[-2.21,0],[0,0],[0,-11.05],[0,0],[11.05,0],[0,0],[0,11.05],[0,0]],"o":[[0,0],[11.05,0],[0,0],[0,11.05],[0,0],[-11.05,0],[0,0],[0,-2.21]],"v":[[-196,-608],[110,-608],[130,-588],[130,-556],[110,-536],[-180,-536],[-200,-556],[-200,-604]],"c":true},"ix":2},"nm":"path 3","mn":"ADBE Vector Shape - Group","hd":false},{"ind":3,"ty":"sh","ix":4,"ks":{"a":0,"k":{"i":[[-17.67,0],[0,17.67],[17.67,0],[0,-17.67]],"o":[[17.67,0],[0,-17.67],[-17.67,0],[0,17.67]],"v":[[-248,-456],[-216,-488],[-248,-520],[-280,-488]],"c":true},"ix":2},"nm":"path 4","mn":"ADBE Vector Shape - Group","hd":false},{"ind":4,"ty":"sh","ix":5,"ks":{"a":0,"k":{"i":[[-5.52,0],[0,0],[0,-5.52],[0,0],[5.52,0],[0,0],[0,5.52],[0,0]],"o":[[0,0],[5.52,0],[0,0],[0,5.52],[0,0],[-5.52,0],[0,0],[0,-5.52]],"v":[[-190,-518],[-10,-518],[0,-508],[0,-498],[-10,-488],[-190,-488],[-200,-498],[-200,-508]],"c":true},"ix":2},"nm":"path 5","mn":"ADBE Vector Shape - Group","hd":false},{"ind":5,"ty":"sh","ix":6,"ks":{"a":0,"k":{"i":[[-2.21,0],[0,0],[0,-11.05],[0,0],[11.05,0],[0,0],[0,11.05],[0,0]],"o":[[0,0],[11.05,0],[0,0],[0,11.05],[0,0],[-11.05,0],[0,0],[0,-2.21]],"v":[[-196,-480],[260,-480],[280,-460],[280,-428],[260,-408],[-180,-408],[-200,-428],[-200,-476]],"c":true},"ix":2},"nm":"path 6","mn":"ADBE Vector Shape - Group","hd":false},{"ind":6,"ty":"sh","ix":7,"ks":{"a":0,"k":{"i":[[-17.67,0],[0,17.67],[17.67,0],[0,-17.67]],"o":[[17.67,0],[0,-17.67],[-17.67,0],[0,17.67]],"v":[[-248,-328],[-216,-360],[-248,-392],[-280,-360]],"c":true},"ix":2},"nm":"path 7","mn":"ADBE Vector Shape - Group","hd":false},{"ind":7,"ty":"sh","ix":8,"ks":{"a":0,"k":{"i":[[-5.52,0],[0,0],[0,-5.52],[0,0],[5.52,0],[0,0],[0,5.52],[0,0]],"o":[[0,0],[5.52,0],[0,0],[0,5.52],[0,0],[-5.52,0],[0,0],[0,-5.52]],"v":[[-190,-390],[-90,-390],[-80,-380],[-80,-370],[-90,-360],[-190,-360],[-200,-370],[-200,-380]],"c":true},"ix":2},"nm":"path 8","mn":"ADBE Vector Shape - Group","hd":false},{"ind":8,"ty":"sh","ix":9,"ks":{"a":0,"k":{"i":[[-11.05,0],[0,0],[0,-11.05],[0,0],[11.05,0],[0,0],[0,2.21],[0,0]],"o":[[0,0],[11.05,0],[0,0],[0,11.05],[0,0],[-2.21,0],[0,0],[0,-11.05]],"v":[[-180,-352],[180,-352],[200,-332],[200,-300],[180,-280],[-196,-280],[-200,-284],[-200,-332]],"c":true},"ix":2},"nm":"path 9","mn":"ADBE Vector Shape - Group","hd":false},{"ind":9,"ty":"sh","ix":10,"ks":{"a":0,"k":{"i":[[-2.21,0],[0,0],[0,-11.05],[0,0],[11.05,0],[0,0],[0,11.05],[0,0]],"o":[[0,0],[11.05,0],[0,0],[0,11.05],[0,0],[-11.05,0],[0,0],[0,-2.21]],"v":[[-196,-272],[20,-272],[40,-252],[40,-220],[20,-200],[-180,-200],[-200,-220],[-200,-268]],"c":true},"ix":2},"nm":"path 10","mn":"ADBE Vector Shape - Group","hd":false},{"ind":10,"ty":"sh","ix":11,"ks":{"a":0,"k":{"i":[[-17.67,0],[0,17.67],[17.67,0],[0,-17.67]],"o":[[17.67,0],[0,-17.67],[-17.67,0],[0,17.67]],"v":[[-248,-120],[-216,-152],[-248,-184],[-280,-152]],"c":true},"ix":2},"nm":"path 11","mn":"ADBE Vector Shape - Group","hd":false},{"ind":11,"ty":"sh","ix":12,"ks":{"a":0,"k":{"i":[[-5.52,0],[0,0],[0,-5.52],[0,0],[5.52,0],[0,0],[0,5.52],[0,0]],"o":[[0,0],[5.52,0],[0,0],[0,5.52],[0,0],[-5.52,0],[0,0],[0,-5.52]],"v":[[-190,-182],[30,-182],[40,-172],[40,-162],[30,-152],[-190,-152],[-200,-162],[-200,-172]],"c":true},"ix":2},"nm":"path 12","mn":"ADBE Vector Shape - Group","hd":false},{"ind":12,"ty":"sh","ix":13,"ks":{"a":0,"k":{"i":[[-2.21,0],[0,0],[0,-11.05],[0,0],[11.05,0],[0,0],[0,11.05],[0,0]],"o":[[0,0],[11.05,0],[0,0],[0,11.05],[0,0],[-11.05,0],[0,0],[0,-2.21]],"v":[[-196,-144],[180,-144],[200,-124],[200,-92],[180,-72],[-180,-72],[-200,-92],[-200,-140]],"c":true},"ix":2},"nm":"path 13","mn":"ADBE Vector Shape - Group","hd":false},{"ind":13,"ty":"sh","ix":14,"ks":{"a":0,"k":{"i":[[-17.67,0],[0,17.67],[17.67,0],[0,-17.67]],"o":[[17.67,0],[0,-17.67],[-17.67,0],[0,17.67]],"v":[[-248,8],[-216,-24],[-248,-56],[-280,-24]],"c":true},"ix":2},"nm":"path 14","mn":"ADBE Vector Shape - Group","hd":false},{"ind":14,"ty":"sh","ix":15,"ks":{"a":0,"k":{"i":[[-5.52,0],[0,0],[0,-5.52],[0,0],[5.52,0],[0,0],[0,5.52],[0,0]],"o":[[0,0],[5.52,0],[0,0],[0,5.52],[0,0],[-5.52,0],[0,0],[0,-5.52]],"v":[[-190,-54],[-30,-54],[-20,-44],[-20,-34],[-30,-24],[-190,-24],[-200,-34],[-200,-44]],"c":true},"ix":2},"nm":"path 15","mn":"ADBE Vector Shape - Group","hd":false},{"ind":15,"ty":"sh","ix":16,"ks":{"a":0,"k":{"i":[[-2.21,0],[0,0],[0,-11.05],[0,0],[11.05,0],[0,0],[0,11.05],[0,0]],"o":[[0,0],[11.05,0],[0,0],[0,11.05],[0,0],[-11.05,0],[0,0],[0,-2.21]],"v":[[-196,-16],[-100,-16],[-80,4],[-80,36],[-100,56],[-180,56],[-200,36],[-200,-12]],"c":true},"ix":2},"nm":"path 16","mn":"ADBE Vector Shape - Group","hd":false},{"ind":16,"ty":"sh","ix":17,"ks":{"a":0,"k":{"i":[[-17.67,0],[0,17.67],[17.67,0],[0,-17.67]],"o":[[17.67,0],[0,-17.67],[-17.67,0],[0,17.67]],"v":[[-248,136],[-216,104],[-248,72],[-280,104]],"c":true},"ix":2},"nm":"path 17","mn":"ADBE Vector Shape - Group","hd":false},{"ind":17,"ty":"sh","ix":18,"ks":{"a":0,"k":{"i":[[-5.52,0],[0,0],[0,-5.52],[0,0],[5.52,0],[0,0],[0,5.52],[0,0]],"o":[[0,0],[5.52,0],[0,0],[0,5.52],[0,0],[-5.52,0],[0,0],[0,-5.52]],"v":[[-190,74],[-20,74],[-10,84],[-10,94],[-20,104],[-190,104],[-200,94],[-200,84]],"c":true},"ix":2},"nm":"path 18","mn":"ADBE Vector Shape - Group","hd":false},{"ind":18,"ty":"sh","ix":19,"ks":{"a":0,"k":{"i":[[-11.05,0],[0,0],[0,-11.05],[0,0],[11.05,0],[0,0],[0,2.21],[0,0]],"o":[[0,0],[11.05,0],[0,0],[0,11.05],[0,0],[-2.21,0],[0,0],[0,-11.05]],"v":[[-180,112],[100,112],[120,132],[120,164],[100,184],[-196,184],[-200,180],[-200,132]],"c":true},"ix":2},"nm":"path 19","mn":"ADBE Vector Shape - Group","hd":false},{"ind":19,"ty":"sh","ix":20,"ks":{"a":0,"k":{"i":[[-2.21,0],[0,0],[0,-11.05],[0,0],[11.05,0],[0,0],[0,11.05],[0,0]],"o":[[0,0],[11.05,0],[0,0],[0,11.05],[0,0],[-11.05,0],[0,0],[0,-2.21]],"v":[[-196,192],[250,192],[270,212],[270,244],[250,264],[-180,264],[-200,244],[-200,196]],"c":true},"ix":2},"nm":"path 20","mn":"ADBE Vector Shape - Group","hd":false},{"ind":20,"ty":"sh","ix":21,"ks":{"a":0,"k":{"i":[[-17.67,0],[0,17.67],[17.67,0],[0,-17.67]],"o":[[17.67,0],[0,-17.67],[-17.67,0],[0,17.67]],"v":[[-248,344],[-216,312],[-248,280],[-280,312]],"c":true},"ix":2},"nm":"path 21","mn":"ADBE Vector Shape - Group","hd":false},{"ind":21,"ty":"sh","ix":22,"ks":{"a":0,"k":{"i":[[-5.52,0],[0,0],[0,-5.52],[0,0],[5.52,0],[0,0],[0,5.52],[0,0]],"o":[[0,0],[5.52,0],[0,0],[0,5.52],[0,0],[-5.52,0],[0,0],[0,-5.52]],"v":[[-190,282],[-60,282],[-50,292],[-50,302],[-60,312],[-190,312],[-200,302],[-200,292]],"c":true},"ix":2},"nm":"path 22","mn":"ADBE Vector Shape - Group","hd":false},{"ind":22,"ty":"sh","ix":23,"ks":{"a":0,"k":{"i":[[-2.21,0],[0,0],[0,-11.05],[0,0],[11.05,0],[0,0],[0,11.05],[0,0]],"o":[[0,0],[11.05,0],[0,0],[0,11.05],[0,0],[-11.05,0],[0,0],[0,-2.21]],"v":[[-196,320],[40,320],[60,340],[60,372],[40,392],[-180,392],[-200,372],[-200,324]],"c":true},"ix":2},"nm":"path 23","mn":"ADBE Vector Shape - Group","hd":false},{"ind":23,"ty":"sh","ix":24,"ks":{"a":0,"k":{"i":[[-17.67,0],[0,17.67],[17.67,0],[0,-17.67]],"o":[[17.67,0],[0,-17.67],[-17.67,0],[0,17.67]],"v":[[-248,472],[-216,440],[-248,408],[-280,440]],"c":true},"ix":2},"nm":"path 24","mn":"ADBE Vector Shape - Group","hd":false},{"ind":24,"ty":"sh","ix":25,"ks":{"a":0,"k":{"i":[[-17.67,0],[0,17.67],[17.67,0],[0,-17.67]],"o":[[17.67,0],[0,-17.67],[-17.67,0],[0,17.67]],"v":[[-248,600],[-216,568],[-248,536],[-280,568]],"c":true},"ix":2},"nm":"path 25","mn":"ADBE Vector Shape - Group","hd":false},{"ind":25,"ty":"sh","ix":26,"ks":{"a":0,"k":{"i":[[-5.52,0],[0,0],[0,-5.52],[0,0],[5.52,0],[0,0],[0,5.52],[0,0]],"o":[[0,0],[5.52,0],[0,0],[0,5.52],[0,0],[-5.52,0],[0,0],[0,-5.52]],"v":[[-190,410],[-30,410],[-20,420],[-20,430],[-30,440],[-190,440],[-200,430],[-200,420]],"c":true},"ix":2},"nm":"path 26","mn":"ADBE Vector Shape - Group","hd":false},{"ind":26,"ty":"sh","ix":27,"ks":{"a":0,"k":{"i":[[-5.52,0],[0,0],[0,-5.52],[0,0],[5.52,0],[0,0],[0,5.52],[0,0]],"o":[[0,0],[5.52,0],[0,0],[0,5.52],[0,0],[-5.52,0],[0,0],[0,-5.52]],"v":[[-190,538],[-80,538],[-70,548],[-70,558],[-80,568],[-190,568],[-200,558],[-200,548]],"c":true},"ix":2},"nm":"path 27","mn":"ADBE Vector Shape - Group","hd":false},{"ind":27,"ty":"sh","ix":28,"ks":{"a":0,"k":{"i":[[-2.21,0],[0,0],[0,-11.05],[0,0],[11.05,0],[0,0],[0,11.05],[0,0]],"o":[[0,0],[11.05,0],[0,0],[0,11.05],[0,0],[-11.05,0],[0,0],[0,-2.21]],"v":[[-196,448],[140,448],[160,468],[160,500],[140,520],[-180,520],[-200,500],[-200,452]],"c":true},"ix":2},"nm":"path 28","mn":"ADBE Vector Shape - Group","hd":false},{"ind":28,"ty":"sh","ix":29,"ks":{"a":0,"k":{"i":[[-2.21,0],[0,0],[0,-11.05],[0,0],[11.05,0],[0,0],[0,11.05],[0,0]],"o":[[0,0],[11.05,0],[0,0],[0,11.05],[0,0],[-11.05,0],[0,0],[0,-2.21]],"v":[[-196,576],[0,576],[20,596],[20,628],[0,648],[-180,648],[-200,628],[-200,580]],"c":true},"ix":2},"nm":"path 29","mn":"ADBE Vector Shape - Group","hd":false},{"ty":"mm","mm":1,"nm":"merge path 1","mn":"ADBE Vector Filter - Merge","hd":false},{"ty":"fl","c":{"a":0,"k":[0.78431372549,0.796078431373,0.839215686275,1],"ix":4},"o":{"a":0,"k":100,"ix":5},"r":1,"bm":0,"nm":"fill 1","mn":"ADBE Vector Graphic - Fill","hd":false},{"ty":"tr","p":{"a":0,"k":[0,0],"ix":2},"a":{"a":0,"k":[0,0],"ix":1},"s":{"a":0,"k":[100,100],"ix":3},"r":{"a":0,"k":0,"ix":6},"o":{"a":0,"k":100,"ix":7},"sk":{"a":0,"k":0,"ix":4},"sa":{"a":0,"k":0,"ix":5},"nm":"Transform"}],"nm":"shape","np":31,"cix":2,"bm":0,"ix":1,"mn":"ADBE Vector Group","hd":false}],"ip":0,"op":43,"st":0,"bm":0}],"markers":[]}