{"v":"5.10.2","fr":25,"ip":0,"op":41,"w":750,"h":1328,"nm":"flicker-wuhead","ddd":0,"assets":[],"layers":[{"ddd":0,"ind":1,"ty":4,"nm":"flicker","sr":1,"ks":{"o":{"a":1,"k":[{"i":{"x":[0.833],"y":[0.833]},"o":{"x":[0.167],"y":[0.167]},"t":0,"s":[100]},{"t":20,"s":[0]}],"ix":11},"r":{"a":0,"k":0,"ix":10},"p":{"a":1,"k":[{"i":{"x":0.833,"y":0.833},"o":{"x":0.333,"y":0},"t":0,"s":[-174,1312.81,0],"to":[150.991,0,0],"ti":[-150.991,0,0]},{"t":20,"s":[731.944,1312.81,0]}],"ix":2,"l":2},"a":{"a":0,"k":[-392.014,691.296,0],"ix":1,"l":2},"s":{"a":0,"k":[100,100,100],"ix":6,"l":2}},"ao":0,"shapes":[{"ty":"gr","it":[{"ty":"rc","d":1,"s":{"a":0,"k":[600,1070],"ix":2},"p":{"a":0,"k":[0,0],"ix":3},"r":{"a":0,"k":0,"ix":4},"nm":"Rectangular path 1","mn":"ADBE Vector Shape - Rect","hd":false},{"ty":"gf","o":{"a":0,"k":100,"ix":10},"r":1,"bm":0,"g":{"p":3,"k":{"a":0,"k":[0,1,1,1,0.5,1,1,1,1,1,1,1,0,0,0.101,0.06,0.202,0.12,0.501,0.12,0.8,0.12,0.9,0.06,1,0],"ix":9}},"s":{"a":0,"k":[0,0],"ix":5},"e":{"a":0,"k":[100,0],"ix":6},"t":1,"nm":"Gradient Fill","mn":"ADBE Vector Graphic - G-Fill","hd":false},{"ty":"tr","p":{"a":0,"k":[-438.014,42.486],"ix":2},"a":{"a":0,"k":[0,0],"ix":1},"s":{"a":0,"k":[100,121.273],"ix":3},"r":{"a":0,"k":0,"ix":6},"o":{"a":0,"k":100,"ix":7},"sk":{"a":0,"k":0,"ix":4},"sa":{"a":0,"k":0,"ix":5},"nm":"transformation"}],"nm":"rectangle 1","np":3,"cix":2,"bm":0,"ix":1,"mn":"ADBE Vector Group","hd":false}],"ip":0,"op":43,"st":0,"ct":1,"bm":0},{"ddd":0,"ind":2,"ty":4,"nm":"shape","sr":1,"ks":{"o":{"a":0,"k":100,"ix":11},"r":{"a":0,"k":0,"ix":10},"p":{"a":0,"k":[304,667,0],"ix":2,"l":2},"a":{"a":0,"k":[0,0,0],"ix":1,"l":2},"s":{"a":0,"k":[100,100,100],"ix":6,"l":2}},"ao":0,"shapes":[{"ty":"gr","it":[{"ind":0,"ty":"sh","ix":1,"ks":{"a":0,"k":{"i":[[-5.52,0],[0,0],[0,-5.52],[0,0],[5.52,0],[0,0],[0,5.52],[0,0]],"o":[[0,0],[5.52,0],[0,0],[0,5.52],[0,0],[-5.52,0],[0,0],[0,-5.52]],"v":[[-270,-647],[-50,-647],[-40,-637],[-40,-627],[-50,-617],[-270,-617],[-280,-627],[-280,-637]],"c":true},"ix":2},"nm":"route 1","mn":"ADBE Vector Shape - Group","hd":false},{"ind":1,"ty":"sh","ix":2,"ks":{"a":0,"k":{"i":[[-2.21,0],[0,0],[0,-11.05],[0,0],[11.05,0],[0,0],[0,11.05],[0,0]],"o":[[0,0],[11.05,0],[0,0],[0,11.05],[0,0],[-11.05,0],[0,0],[0,-2.21]],"v":[[-276,-609],[110,-609],[130,-589],[130,-557],[110,-537],[-260,-537],[-280,-557],[-280,-605]],"c":true},"ix":2},"nm":"route 2","mn":"ADBE Vector Shape - Group","hd":false},{"ind":2,"ty":"sh","ix":3,"ks":{"a":0,"k":{"i":[[-5.52,0],[0,0],[0,-5.52],[0,0],[5.52,0],[0,0],[0,5.52],[0,0]],"o":[[0,0],[5.52,0],[0,0],[0,5.52],[0,0],[-5.52,0],[0,0],[0,-5.52]],"v":[[-270,-519],[-10,-519],[0,-509],[0,-499],[-10,-489],[-270,-489],[-280,-499],[-280,-509]],"c":true},"ix":2},"nm":"route 3","mn":"ADBE Vector Shape - Group","hd":false},{"ind":3,"ty":"sh","ix":4,"ks":{"a":0,"k":{"i":[[-2.21,0],[0,0],[0,-11.05],[0,0],[11.05,0],[0,0],[0,11.05],[0,0]],"o":[[0,0],[11.05,0],[0,0],[0,11.05],[0,0],[-11.05,0],[0,0],[0,-2.21]],"v":[[-276,-481],[260,-481],[280,-461],[280,-429],[260,-409],[-260,-409],[-280,-429],[-280,-477]],"c":true},"ix":2},"nm":"route 4","mn":"ADBE Vector Shape - Group","hd":false},{"ind":4,"ty":"sh","ix":5,"ks":{"a":0,"k":{"i":[[-5.52,0],[0,0],[0,-5.52],[0,0],[5.52,0],[0,0],[0,5.52],[0,0]],"o":[[0,0],[5.52,0],[0,0],[0,5.52],[0,0],[-5.52,0],[0,0],[0,-5.52]],"v":[[-270,-391],[-90,-391],[-80,-381],[-80,-371],[-90,-361],[-270,-361],[-280,-371],[-280,-381]],"c":true},"ix":2},"nm":"route 5","mn":"ADBE Vector Shape - Group","hd":false},{"ind":5,"ty":"sh","ix":6,"ks":{"a":0,"k":{"i":[[-11.05,0],[0,0],[0,-11.05],[0,0],[11.05,0],[0,0],[0,2.21],[0,0]],"o":[[0,0],[11.05,0],[0,0],[0,11.05],[0,0],[-2.21,0],[0,0],[0,-11.05]],"v":[[-260,-353],[180,-353],[200,-333],[200,-301],[180,-281],[-276,-281],[-280,-285],[-280,-333]],"c":true},"ix":2},"nm":"route 6","mn":"ADBE Vector Shape - Group","hd":false},{"ind":6,"ty":"sh","ix":7,"ks":{"a":0,"k":{"i":[[-2.21,0],[0,0],[0,-11.05],[0,0],[11.05,0],[0,0],[0,11.05],[0,0]],"o":[[0,0],[11.05,0],[0,0],[0,11.05],[0,0],[-11.05,0],[0,0],[0,-2.21]],"v":[[-276,-273],[20,-273],[40,-253],[40,-221],[20,-201],[-260,-201],[-280,-221],[-280,-269]],"c":true},"ix":2},"nm":"route 7","mn":"ADBE Vector Shape - Group","hd":false},{"ind":7,"ty":"sh","ix":8,"ks":{"a":0,"k":{"i":[[-5.52,0],[0,0],[0,-5.52],[0,0],[5.52,0],[0,0],[0,5.52],[0,0]],"o":[[0,0],[5.52,0],[0,0],[0,5.52],[0,0],[-5.52,0],[0,0],[0,-5.52]],"v":[[-270,-183],[30,-183],[40,-173],[40,-163],[30,-153],[-270,-153],[-280,-163],[-280,-173]],"c":true},"ix":2},"nm":"route 8","mn":"ADBE Vector Shape - Group","hd":false},{"ind":8,"ty":"sh","ix":9,"ks":{"a":0,"k":{"i":[[-2.21,0],[0,0],[0,-11.05],[0,0],[11.05,0],[0,0],[0,11.05],[0,0]],"o":[[0,0],[11.05,0],[0,0],[0,11.05],[0,0],[-11.05,0],[0,0],[0,-2.21]],"v":[[-276,-145],[180,-145],[200,-125],[200,-93],[180,-73],[-260,-73],[-280,-93],[-280,-141]],"c":true},"ix":2},"nm":"route 9","mn":"ADBE Vector Shape - Group","hd":false},{"ind":9,"ty":"sh","ix":10,"ks":{"a":0,"k":{"i":[[-5.52,0],[0,0],[0,-5.52],[0,0],[5.52,0],[0,0],[0,5.52],[0,0]],"o":[[0,0],[5.52,0],[0,0],[0,5.52],[0,0],[-5.52,0],[0,0],[0,-5.52]],"v":[[-270,-55],[-30,-55],[-20,-45],[-20,-35],[-30,-25],[-270,-25],[-280,-35],[-280,-45]],"c":true},"ix":2},"nm":"route10","mn":"ADBE Vector Shape - Group","hd":false},{"ind":10,"ty":"sh","ix":11,"ks":{"a":0,"k":{"i":[[-2.21,0],[0,0],[0,-11.05],[0,0],[11.05,0],[0,0],[0,11.05],[0,0]],"o":[[0,0],[11.05,0],[0,0],[0,11.05],[0,0],[-11.05,0],[0,0],[0,-2.21]],"v":[[-276,-17],[-100,-17],[-80,3],[-80,35],[-100,55],[-260,55],[-280,35],[-280,-13]],"c":true},"ix":2},"nm":"route 11","mn":"ADBE Vector Shape - Group","hd":false},{"ind":11,"ty":"sh","ix":12,"ks":{"a":0,"k":{"i":[[-5.52,0],[0,0],[0,-5.52],[0,0],[5.52,0],[0,0],[0,5.52],[0,0]],"o":[[0,0],[5.52,0],[0,0],[0,5.52],[0,0],[-5.52,0],[0,0],[0,-5.52]],"v":[[-270,73],[-20,73],[-10,83],[-10,93],[-20,103],[-270,103],[-280,93],[-280,83]],"c":true},"ix":2},"nm":"route 12","mn":"ADBE Vector Shape - Group","hd":false},{"ind":12,"ty":"sh","ix":13,"ks":{"a":0,"k":{"i":[[-11.05,0],[0,0],[0,-11.05],[0,0],[11.05,0],[0,0],[0,2.21],[0,0]],"o":[[0,0],[11.05,0],[0,0],[0,11.05],[0,0],[-2.21,0],[0,0],[0,-11.05]],"v":[[-260,111],[100,111],[120,131],[120,163],[100,183],[-276,183],[-280,179],[-280,131]],"c":true},"ix":2},"nm":"route 13","mn":"ADBE Vector Shape - Group","hd":false},{"ind":13,"ty":"sh","ix":14,"ks":{"a":0,"k":{"i":[[-2.21,0],[0,0],[0,-11.05],[0,0],[11.05,0],[0,0],[0,11.05],[0,0]],"o":[[0,0],[11.05,0],[0,0],[0,11.05],[0,0],[-11.05,0],[0,0],[0,-2.21]],"v":[[-276,191],[250,191],[270,211],[270,243],[250,263],[-260,263],[-280,243],[-280,195]],"c":true},"ix":2},"nm":"route 14","mn":"ADBE Vector Shape - Group","hd":false},{"ind":14,"ty":"sh","ix":15,"ks":{"a":0,"k":{"i":[[-5.52,0],[0,0],[0,-5.52],[0,0],[5.52,0],[0,0],[0,5.52],[0,0]],"o":[[0,0],[5.52,0],[0,0],[0,5.52],[0,0],[-5.52,0],[0,0],[0,-5.52]],"v":[[-270,281],[-60,281],[-50,291],[-50,301],[-60,311],[-270,311],[-280,301],[-280,291]],"c":true},"ix":2},"nm":"route 15","mn":"ADBE Vector Shape - Group","hd":false},{"ind":15,"ty":"sh","ix":16,"ks":{"a":0,"k":{"i":[[-2.21,0],[0,0],[0,-11.05],[0,0],[11.05,0],[0,0],[0,11.05],[0,0]],"o":[[0,0],[11.05,0],[0,0],[0,11.05],[0,0],[-11.05,0],[0,0],[0,-2.21]],"v":[[-276,319],[40,319],[60,339],[60,371],[40,391],[-260,391],[-280,371],[-280,323]],"c":true},"ix":2},"nm":"route 16","mn":"ADBE Vector Shape - Group","hd":false},{"ind":16,"ty":"sh","ix":17,"ks":{"a":0,"k":{"i":[[-5.52,0],[0,0],[0,-5.52],[0,0],[5.52,0],[0,0],[0,5.52],[0,0]],"o":[[0,0],[5.52,0],[0,0],[0,5.52],[0,0],[-5.52,0],[0,0],[0,-5.52]],"v":[[-270,409],[-30,409],[-20,419],[-20,429],[-30,439],[-270,439],[-280,429],[-280,419]],"c":true},"ix":2},"nm":"route 17","mn":"ADBE Vector Shape - Group","hd":false},{"ind":17,"ty":"sh","ix":18,"ks":{"a":0,"k":{"i":[[-5.52,0],[0,0],[0,-5.52],[0,0],[5.52,0],[0,0],[0,5.52],[0,0]],"o":[[0,0],[5.52,0],[0,0],[0,5.52],[0,0],[-5.52,0],[0,0],[0,-5.52]],"v":[[-270,537],[-80,537],[-70,547],[-70,557],[-80,567],[-270,567],[-280,557],[-280,547]],"c":true},"ix":2},"nm":"route 18","mn":"ADBE Vector Shape - Group","hd":false},{"ind":18,"ty":"sh","ix":19,"ks":{"a":0,"k":{"i":[[-2.21,0],[0,0],[0,-11.05],[0,0],[11.05,0],[0,0],[0,11.05],[0,0]],"o":[[0,0],[11.05,0],[0,0],[0,11.05],[0,0],[-11.05,0],[0,0],[0,-2.21]],"v":[[-276,447],[140,447],[160,467],[160,499],[140,519],[-260,519],[-280,499],[-280,451]],"c":true},"ix":2},"nm":"route 19","mn":"ADBE Vector Shape - Group","hd":false},{"ind":19,"ty":"sh","ix":20,"ks":{"a":0,"k":{"i":[[-2.21,0],[0,0],[0,-11.05],[0,0],[11.05,0],[0,0],[0,11.05],[0,0]],"o":[[0,0],[11.05,0],[0,0],[0,11.05],[0,0],[-11.05,0],[0,0],[0,-2.21]],"v":[[-276,575],[0,575],[20,595],[20,627],[0,647],[-260,647],[-280,627],[-280,579]],"c":true},"ix":2},"nm":"route 20","mn":"ADBE Vector Shape - Group","hd":false},{"ty":"mm","mm":1,"nm":"merging path 1","mn":"ADBE Vector Filter - Merge","hd":false},{"ty":"fl","c":{"a":0,"k":[0.784313738346,0.796078443527,0.839215695858,1],"ix":4},"o":{"a":0,"k":100,"ix":5},"r":1,"bm":0,"nm":"fill 1","mn":"ADBE Vector Graphic - Fill","hd":false},{"ty":"tr","p":{"a":0,"k":[0,0],"ix":2},"a":{"a":0,"k":[0,0],"ix":1},"s":{"a":0,"k":[100,100],"ix":3},"r":{"a":0,"k":0,"ix":6},"o":{"a":0,"k":100,"ix":7},"sk":{"a":0,"k":0,"ix":4},"sa":{"a":0,"k":0,"ix":5},"nm":"transformation"}],"nm":"shape","np":22,"cix":2,"bm":0,"ix":1,"mn":"ADBE Vector Group","hd":false}],"ip":0,"op":43,"st":0,"ct":1,"bm":0}],"markers":[]}