{"v":"5.10.2","fr":60,"ip":0,"op":204,"w":400,"h":320,"nm":"default/empty","ddd":0,"assets":[{"id":"comp_0","nm":"pre-synthesized3","fr":60,"layers":[{"ddd":0,"ind":1,"ty":4,"nm":"Vector 6708","parent":7,"sr":1,"ks":{"o":{"a":0,"k":100,"ix":11},"r":{"a":1,"k":[{"i":{"x":[0.667],"y":[1]},"o":{"x":[0.167],"y":[0.167]},"t":12,"s":[0]},{"i":{"x":[0.667],"y":[1]},"o":{"x":[0.167],"y":[0]},"t":58,"s":[25]},{"i":{"x":[0.833],"y":[1]},"o":{"x":[0.167],"y":[0.167]},"t":92,"s":[25]},{"t":119,"s":[0]}],"ix":10},"p":{"a":1,"k":[{"i":{"x":0.667,"y":1},"o":{"x":0.167,"y":0.167},"t":0,"s":[3.76,-60.644,0],"to":[8.14,-5.911,0],"ti":[0.007,-0.381,0]},{"i":{"x":0.667,"y":1},"o":{"x":0.167,"y":0.166},"t":61,"s":[20.911,-68.202,0],"to":[-0.001,0.04,0],"ti":[0.145,0.029,0]},{"i":{"x":0.667,"y":1},"o":{"x":0.167,"y":0.167},"t":92,"s":[20.839,-68.202,0],"to":[-1.853,-0.369,0],"ti":[-4.769,3.463,0]},{"t":119,"s":[3.76,-60.644,0]}],"ix":2,"l":2},"a":{"a":0,"k":[0,0,0],"ix":1,"l":2},"s":{"a":1,"k":[{"i":{"x":[0.667,0.667,0.667],"y":[1,1,1]},"o":{"x":[0.167,0.167,0.167],"y":[0.167,0.167,1.141]},"t":16,"s":[83,83,100]},{"i":{"x":[0.667,0.667,0.667],"y":[1,1,1]},"o":{"x":[0.167,0.167,0.167],"y":[0,0,-0.749]},"t":53,"s":[93,93,100]},{"i":{"x":[0.833,0.833,0.833],"y":[1,1,1]},"o":{"x":[0.167,0.167,0.167],"y":[0.167,0.167,0]},"t":92,"s":[93,93,100]},{"t":119,"s":[83,83,100]}],"ix":6,"l":2}},"ao":0,"shapes":[{"ty":"gr","it":[{"ind":0,"ty":"sh","ix":1,"ks":{"a":0,"k":{"i":[[-1.767,0.137],[-13.782,1.025],[0.723,-1.389],[0,0],[0.981,0.809],[0,0],[-0.843,0.833],[0,0],[0,0],[0.55,0.479],[0,0]],"o":[[9.416,-0.732],[1.562,-0.116],[0,0],[-0.587,1.128],[0,0],[-0.914,-0.754],[0,0],[0,0],[-0.685,0.25],[0,0],[-1.336,-1.165]],"v":[[-22.419,-13.161],[22.113,-16.57],[24.03,-13.654],[8.852,15.499],[5.806,16.119],[-5.347,6.922],[-5.48,3.956],[3.228,-4.649],[-10.492,0.366],[-12.492,-0.005],[-23.569,-9.661]],"c":true},"ix":2},"nm":"path 1","mn":"ADBE Vector Shape - Group","hd":false},{"ty":"gf","o":{"a":0,"k":100,"ix":10},"r":1,"bm":0,"g":{"p":3,"k":{"a":0,"k":[0,0.308,0.461,1,0.5,0.447,0.472,1,1,0.587,0.483,1],"ix":9}},"s":{"a":0,"k":[-0.415,16.576],"ix":5},"e":{"a":0,"k":[-0.415,-16.009],"ix":6},"t":1,"nm":"gradientfill22","mn":"ADBE Vector Graphic - G-Fill","hd":false},{"ty":"tr","p":{"a":0,"k":[0,0],"ix":2},"a":{"a":0,"k":[0,0],"ix":1},"s":{"a":0,"k":[100,100],"ix":3},"r":{"a":0,"k":0,"ix":6},"o":{"a":0,"k":100,"ix":7},"sk":{"a":0,"k":0,"ix":4},"sa":{"a":0,"k":0,"ix":5},"nm":"transformation"}],"nm":"Vector 6708","np":2,"cix":2,"bm":0,"ix":1,"mn":"ADBE Vector Group","hd":false}],"ip":0,"op":120,"st":4,"ct":1,"bm":0},{"ddd":0,"ind":2,"ty":4,"nm":"Vector 6709","parent":7,"sr":1,"ks":{"o":{"a":1,"k":[{"i":{"x":[0.833],"y":[0.833]},"o":{"x":[0.167],"y":[0.167]},"t":6,"s":[38]},{"i":{"x":[0.833],"y":[0.833]},"o":{"x":[0.167],"y":[0.167]},"t":42,"s":[100]},{"i":{"x":[0.833],"y":[0.833]},"o":{"x":[0.167],"y":[0.167]},"t":94,"s":[100]},{"t":120,"s":[28]}],"ix":11},"r":{"a":0,"k":0,"ix":10},"p":{"a":1,"k":[{"i":{"x":0.833,"y":0.833},"o":{"x":0.167,"y":0.167},"t":6,"s":[-24.377,-41.25,0],"to":[1.841,-0.581,0],"ti":[-1.841,0.581,0]},{"i":{"x":0.833,"y":0.833},"o":{"x":0.167,"y":0.167},"t":59,"s":[-13.33,-44.738,0],"to":[0,0,0],"ti":[0,0,0]},{"i":{"x":0.833,"y":0.833},"o":{"x":0.167,"y":0.167},"t":93,"s":[-13.33,-44.738,0],"to":[-1.841,0.581,0],"ti":[1.841,-0.581,0]},{"t":120,"s":[-24.377,-41.25,0]}],"ix":2,"l":2},"a":{"a":0,"k":[0,0,0],"ix":1,"l":2},"s":{"a":0,"k":[100,100,100],"ix":6,"l":2}},"ao":0,"shapes":[{"ty":"gr","it":[{"ind":0,"ty":"sh","ix":1,"ks":{"a":0,"k":{"i":[[0,0],[-8.833,-2.5],[3,12],[-11,1.667]],"o":[[1.5,-13],[8.833,2.5],[-2.4,-9.6],[0,0]],"v":[[-23.25,21.75],[0.25,-4.75],[-7.25,1.75],[23.25,-21.75]],"c":false},"ix":2},"nm":"path 1","mn":"ADBE Vector Shape - Group","hd":false},{"ty":"st","c":{"a":0,"k":[0.741176486015,0.776470601559,0.823529422283,1],"ix":3},"o":{"a":0,"k":100,"ix":4},"w":{"a":0,"k":1,"ix":5},"lc":1,"lj":2,"bm":0,"d":[{"n":"d","nm":"Dashed line","v":{"a":0,"k":2,"ix":1}},{"n":"g","nm":"gap","v":{"a":0,"k":2,"ix":2}}],"nm":"Stroke 1","mn":"ADBE Vector Graphic - Stroke","hd":false},{"ty":"tr","p":{"a":0,"k":[0,0],"ix":2},"a":{"a":0,"k":[0,0],"ix":1},"s":{"a":0,"k":[100,100],"ix":3},"r":{"a":0,"k":0,"ix":6},"o":{"a":0,"k":100,"ix":7},"sk":{"a":0,"k":0,"ix":4},"sa":{"a":0,"k":0,"ix":5},"nm":"transformation"}],"nm":"Vector 6709","np":2,"cix":2,"bm":0,"ix":1,"mn":"ADBE Vector Group","hd":false},{"ty":"tm","s":{"a":0,"k":0,"ix":1},"e":{"a":1,"k":[{"i":{"x":[0.833],"y":[0.833]},"o":{"x":[0.167],"y":[0.167]},"t":5,"s":[0]},{"i":{"x":[0.833],"y":[0.833]},"o":{"x":[0.167],"y":[0.167]},"t":29,"s":[100]},{"i":{"x":[0.833],"y":[0.833]},"o":{"x":[0.167],"y":[0.167]},"t":93,"s":[100]},{"t":119,"s":[0]}],"ix":2},"o":{"a":0,"k":0,"ix":3},"m":1,"ix":2,"nm":"Trim path 1","mn":"ADBE Vector Filter - Trim","hd":false}],"ip":5,"op":120,"st":5,"ct":1,"bm":0},{"ddd":0,"ind":3,"ty":4,"nm":"Rectangle 17714","sr":1,"ks":{"o":{"a":0,"k":100,"ix":11},"r":{"a":0,"k":0,"ix":10},"p":{"a":0,"k":[190.07,193.113,0],"ix":2,"l":2},"a":{"a":0,"k":[0,0,0],"ix":1,"l":2},"s":{"a":0,"k":[86,86,100],"ix":6,"l":2}},"ao":0,"shapes":[{"ty":"gr","it":[{"ind":0,"ty":"sh","ix":1,"ks":{"a":0,"k":{"i":[[0,0],[-0.774,-2.568],[0,0],[-1.764,0],[0,0],[1.003,2.619],[0,0],[1.657,0],[0,0],[0.996,0.678],[0,0],[1.205,0]],"o":[[-2.682,0],[0,0],[0.509,1.689],[0,0],[2.805,0],[0,0],[-0.593,-1.547],[0,0],[-1.205,0],[0,0],[-0.996,-0.678],[0,0]],"v":[[-51.4,-27],[-55.23,-21.845],[-41.357,24.155],[-37.527,27],[51.399,27],[55.135,21.569],[41.914,-12.942],[38.178,-15.511],[-13.639,-15.511],[-17.017,-16.552],[-30.828,-25.959],[-34.206,-27]],"c":true},"ix":2},"nm":"path 1","mn":"ADBE Vector Shape - Group","hd":false},{"ty":"st","c":{"a":0,"k":[0.560784339905,0.607843160629,0.686274528503,1],"ix":3},"o":{"a":0,"k":100,"ix":4},"w":{"a":0,"k":1,"ix":5},"lc":1,"lj":1,"ml":4,"bm":0,"nm":"Stroke 1","mn":"ADBE Vector Graphic - Stroke","hd":false},{"ty":"fl","c":{"a":0,"k":[1,1,1,1],"ix":4},"o":{"a":0,"k":100,"ix":5},"r":1,"bm":0,"nm":"fill 1","mn":"ADBE Vector Graphic - Fill","hd":false},{"ty":"tr","p":{"a":0,"k":[0,0],"ix":2},"a":{"a":0,"k":[0,0],"ix":1},"s":{"a":0,"k":[200,200],"ix":3},"r":{"a":0,"k":0,"ix":6},"o":{"a":0,"k":100,"ix":7},"sk":{"a":0,"k":0,"ix":4},"sa":{"a":0,"k":0,"ix":5},"nm":"transformation"}],"nm":"Rectangle 17714","np":3,"cix":2,"bm":0,"ix":1,"mn":"ADBE Vector Group","hd":false}],"ip":0,"op":120,"st":0,"ct":1,"bm":0},{"ddd":0,"ind":4,"ty":0,"nm":"group2","refId":"comp_1","sr":2,"ks":{"o":{"a":0,"k":100,"ix":11},"r":{"a":0,"k":0,"ix":10},"p":{"a":0,"k":[216.5,140,0],"ix":2,"l":2},"a":{"a":0,"k":[200,160,0],"ix":1,"l":2},"s":{"a":0,"k":[100,100,100],"ix":6,"l":2}},"ao":0,"hasMask":true,"masksProperties":[{"inv":false,"mode":"a","pt":{"a":0,"k":{"i":[[0,0],[0,0],[0,0],[0,0]],"o":[[0,0],[0,0],[0,0],[0,0]],"v":[[237.703,113.5],[133,113.5],[133.5,180.283],[238.203,180.283]],"c":true},"ix":1},"o":{"a":0,"k":100,"ix":3},"x":{"a":0,"k":0,"ix":4},"nm":"mask 1"}],"w":400,"h":320,"ip":17,"op":137,"st":17,"bm":0},{"ddd":0,"ind":5,"ty":4,"nm":"Union","parent":7,"sr":1,"ks":{"o":{"a":1,"k":[{"i":{"x":[0.833],"y":[1]},"o":{"x":[0.167],"y":[0]},"t":42,"s":[20]},{"i":{"x":[0.667],"y":[1]},"o":{"x":[0.167],"y":[0]},"t":119,"s":[20]},{"i":{"x":[0.667],"y":[1]},"o":{"x":[0.167],"y":[0.167]},"t":225,"s":[100]},{"t":290,"s":[78]}],"ix":11},"r":{"a":0,"k":0,"ix":10},"p":{"a":0,"k":[-13.662,-30.282,0],"ix":2,"l":2},"a":{"a":0,"k":[0,0,0],"ix":1,"l":2},"s":{"a":0,"k":[100,100,100],"ix":6,"l":2}},"ao":0,"shapes":[{"ty":"gr","it":[{"ind":0,"ty":"sh","ix":1,"ks":{"a":0,"k":{"i":[[0,0],[0,-1.105],[0,0],[-1.105,0],[0,0],[0,1.105],[0,0],[1.105,0]],"o":[[-1.105,0],[0,0],[0,1.105],[0,0],[1.105,0],[0,0],[0,-1.105],[0,0]],"v":[[-26.056,-16.366],[-28.056,-14.366],[-28.056,-11.352],[-26.056,-9.352],[26.056,-9.352],[28.056,-11.352],[28.056,-14.366],[26.056,-16.366]],"c":true},"ix":2},"nm":"path 1","mn":"ADBE Vector Shape - Group","hd":false},{"ind":1,"ty":"sh","ix":2,"ks":{"a":0,"k":{"i":[[0,0],[0,-1.105],[0,0],[-1.105,0],[0,0],[0,1.105],[0,0],[1.105,0]],"o":[[-1.105,0],[0,0],[0,1.105],[0,0],[1.105,0],[0,0],[0,-1.105],[0,0]],"v":[[-26.056,-3.507],[-28.056,-1.507],[-28.056,1.507],[-26.056,3.507],[26.056,3.507],[28.056,1.507],[28.056,-1.507],[26.056,-3.507]],"c":true},"ix":2},"nm":"path 2","mn":"ADBE Vector Shape - Group","hd":false},{"ind":2,"ty":"sh","ix":3,"ks":{"a":0,"k":{"i":[[0,0],[-1.105,0],[0,0],[0,-1.105],[0,0],[1.105,0],[0,0],[0,1.105]],"o":[[0,-1.105],[0,0],[1.105,0],[0,0],[0,1.105],[0,0],[-1.105,0],[0,0]],"v":[[-28.056,11.352],[-26.056,9.352],[26.056,9.352],[28.056,11.352],[28.056,14.366],[26.056,16.366],[-26.056,16.366],[-28.056,14.366]],"c":true},"ix":2},"nm":"path 3","mn":"ADBE Vector Shape - Group","hd":false},{"ty":"mm","mm":1,"nm":"Merge path 1","mn":"ADBE Vector Filter - Merge","hd":false},{"ty":"gf","o":{"a":0,"k":100,"ix":10},"r":1,"bm":0,"g":{"p":3,"k":{"a":0,"k":[0,0.308,0.461,1,0.5,0.447,0.472,1,1,0.587,0.483,1],"ix":9}},"s":{"a":0,"k":[-0.479,4.676],"ix":5},"e":{"a":0,"k":[-0.479,-16.007],"ix":6},"t":1,"nm":"gradientfill22","mn":"ADBE Vector Graphic - G-Fill","hd":false},{"ty":"tr","p":{"a":0,"k":[0,0],"ix":2},"a":{"a":0,"k":[0,0],"ix":1},"s":{"a":0,"k":[100,100],"ix":3},"r":{"a":0,"k":0,"ix":6},"o":{"a":0,"k":100,"ix":7},"sk":{"a":0,"k":0,"ix":4},"sa":{"a":0,"k":0,"ix":5},"nm":"transformation"}],"nm":"Union","np":5,"cix":2,"bm":0,"ix":1,"mn":"ADBE Vector Group","hd":false}],"ip":0,"op":120,"st":0,"ct":1,"bm":0},{"ddd":0,"ind":6,"ty":4,"nm":"Rectangle 17715","parent":7,"sr":1,"ks":{"o":{"a":0,"k":100,"ix":11},"r":{"a":0,"k":0,"ix":10},"p":{"a":0,"k":[-14.127,-17,0],"ix":2,"l":2},"a":{"a":0,"k":[0,0,0],"ix":1,"l":2},"s":{"a":0,"k":[100,100,100],"ix":6,"l":2}},"ao":0,"shapes":[{"ty":"gr","it":[{"ty":"rc","d":1,"s":{"a":0,"k":[86,80],"ix":2},"p":{"a":0,"k":[0,0],"ix":3},"r":{"a":0,"k":4,"ix":4},"nm":"Rectangular path 1","mn":"ADBE Vector Shape - Rect","hd":false},{"ty":"st","c":{"a":0,"k":[0.560784313725,0.607843137255,0.686274509804,1],"ix":3},"o":{"a":0,"k":100,"ix":4},"w":{"a":0,"k":1,"ix":5},"lc":1,"lj":1,"ml":4,"bm":0,"nm":"Stroke 1","mn":"ADBE Vector Graphic - Stroke","hd":false},{"ty":"fl","c":{"a":0,"k":[1,1,1,1],"ix":4},"o":{"a":0,"k":100,"ix":5},"r":1,"bm":0,"nm":"fill 1","mn":"ADBE Vector Graphic - Fill","hd":false},{"ty":"tr","p":{"a":0,"k":[0,0],"ix":2},"a":{"a":0,"k":[0,0],"ix":1},"s":{"a":0,"k":[100,100],"ix":3},"r":{"a":0,"k":0,"ix":6},"o":{"a":0,"k":100,"ix":7},"sk":{"a":0,"k":0,"ix":4},"sa":{"a":0,"k":0,"ix":5},"nm":"transformation"}],"nm":"Rectangle 17715","np":3,"cix":2,"bm":0,"ix":1,"mn":"ADBE Vector Group","hd":false}],"ip":0,"op":120,"st":0,"ct":1,"bm":0},{"ddd":0,"ind":7,"ty":4,"nm":"Rectangle 17716","sr":1,"ks":{"o":{"a":0,"k":100,"ix":11},"r":{"a":0,"k":0,"ix":10},"p":{"a":0,"k":[227.127,180,0],"ix":2,"l":2},"a":{"a":0,"k":[0,0,0],"ix":1,"l":2},"s":{"a":0,"k":[172,172,100],"ix":6,"l":2}},"ao":0,"shapes":[{"ty":"gr","it":[{"ind":0,"ty":"sh","ix":1,"ks":{"a":0,"k":{"i":[[0,0],[0,0],[0,0],[0,0]],"o":[[0,0],[0,0],[0,0],[0,0]],"v":[[52,-35],[-34.333,-35],[-52,35],[34.333,35]],"c":true},"ix":2},"nm":"path 1","mn":"ADBE Vector Shape - Group","hd":false},{"ty":"rd","nm":"fillet 1","r":{"a":0,"k":4,"ix":1},"ix":2,"mn":"ADBE Vector Filter - RC","hd":false},{"ty":"st","c":{"a":0,"k":[0.560784313725,0.607843137255,0.686274509804,1],"ix":3},"o":{"a":0,"k":100,"ix":4},"w":{"a":0,"k":1,"ix":5},"lc":1,"lj":1,"ml":4,"bm":0,"nm":"Stroke 1","mn":"ADBE Vector Graphic - Stroke","hd":false},{"ty":"fl","c":{"a":0,"k":[1,1,1,1],"ix":4},"o":{"a":0,"k":100,"ix":5},"r":1,"bm":0,"nm":"fill 1","mn":"ADBE Vector Graphic - Fill","hd":false},{"ty":"tr","p":{"a":0,"k":[0,0],"ix":2},"a":{"a":0,"k":[0,0],"ix":1},"s":{"a":0,"k":[100,100],"ix":3},"r":{"a":0,"k":0,"ix":6},"o":{"a":0,"k":100,"ix":7},"sk":{"a":0,"k":0,"ix":4},"sa":{"a":0,"k":0,"ix":5},"nm":"transformation"}],"nm":"Rectangle 17716","np":4,"cix":2,"bm":0,"ix":1,"mn":"ADBE Vector Group","hd":false}],"ip":0,"op":120,"st":0,"ct":1,"bm":0}]},{"id":"comp_1","nm":"group2","fr":60,"layers":[{"ddd":0,"ind":1,"ty":4,"nm":"Shape Layer 1","sr":1,"ks":{"o":{"a":0,"k":30,"ix":11},"r":{"a":0,"k":-3.666,"ix":10},"p":{"a":1,"k":[{"i":{"x":0.833,"y":0.833},"o":{"x":0.167,"y":0.167},"t":0,"s":[102,158.5,0],"to":[37.5,0,0],"ti":[-37.5,0,0]},{"t":35,"s":[327,158.5,0]}],"ix":2,"l":2},"a":{"a":0,"k":[15.873,41.6,0],"ix":1,"l":2},"s":{"a":0,"k":[426,426,100],"ix":6,"l":2}},"ao":0,"shapes":[{"ty":"gr","it":[{"ind":0,"ty":"sh","ix":1,"ks":{"a":0,"k":{"i":[[0,0],[0,0],[0,0],[0,0]],"o":[[0,0],[0,0],[0,0],[0,0]],"v":[[5.425,-32.586],[-5.425,-32.586],[-5.425,32.586],[5.425,32.586]],"c":true},"ix":2},"nm":"path 1","mn":"ADBE Vector Shape - Group","hd":false},{"ty":"fl","c":{"a":0,"k":[1,1,1,1],"ix":4},"o":{"a":0,"k":100,"ix":5},"r":1,"bm":0,"nm":"fill 1","mn":"ADBE Vector Graphic - Fill","hd":false},{"ty":"tr","p":{"a":0,"k":[15.925,42.586],"ix":2},"a":{"a":0,"k":[0,0],"ix":1},"s":{"a":0,"k":[37.616,61.438],"ix":3},"r":{"a":0,"k":35.318,"ix":6},"o":{"a":0,"k":100,"ix":7},"sk":{"a":0,"k":0,"ix":4},"sa":{"a":0,"k":0,"ix":5},"nm":"transformation"}],"nm":"rectangle 1","np":3,"cix":2,"bm":0,"ix":1,"mn":"ADBE Vector Group","hd":false}],"ip":0,"op":120,"st":0,"ct":1,"bm":0}]}],"layers":[{"ddd":0,"ind":1,"ty":0,"nm":"pre-synthesized3","refId":"comp_0","sr":1.7,"ks":{"o":{"a":0,"k":100,"ix":11},"r":{"a":0,"k":0,"ix":10},"p":{"a":0,"k":[200,160,0],"ix":2,"l":2},"a":{"a":0,"k":[200,160,0],"ix":1,"l":2},"s":{"a":0,"k":[100,100,100],"ix":6,"l":2}},"ao":0,"w":400,"h":320,"ip":0,"op":204,"st":0,"bm":0}],"markers":[]}